LBL_ANY_EMAIL,Emailadressen
LBL_EMAIL,Email Addrese:
LBL_PRIMARY_EMAIL,Primary Email
LBL_LIST_EMAIL_ADDRESS,E-Mail Adresse
LBL_OTHER_EMAIL_ADDRESS,Weitere E-Mail:
LBL_EMAIL_ADDRESS,E-Mail
LBL_EMAIL_ADDRESSES,E-Mail Adresse(n)
LBL_INVALID_EMAIL,Invalid Email:
LBL_EMAIL_OPT_OUT,Email Opt Out:
LBL_EMAIL_NON_PRIMARY,Non-primary emails
LBL_ASSIGNED_TO_ID,Zugewiesen an:
LBL_ASSIGNED_TO_NAME,Zugewiesen an:
LBL_TEAM,Teams
LBL_TEAMS,Teams
LBL_TEAM_ID,Team Id
LBL_TAGS_LINK,Tags
LBL_TAGS,Tags
LBL_ID,ID
LBL_DATE_ENTERED,Erstellt am:
LBL_DATE_MODIFIED,Geändert am
LBL_MODIFIED,Geändert von:
LBL_MODIFIED_ID,Geändert von ID
LBL_MODIFIED_NAME,Geändert von Name
LBL_CREATED,Erstellt von
LBL_CREATED_ID,Erstellt von ID
LBL_DOC_OWNER,Document Owner
LBL_USER_FAVORITES,Users Who Favorite
LBL_DESCRIPTION,Beschreibung
LBL_DELETED,Gelöscht
LBL_NAME,Name (kurz)
LBL_CREATED_USER,Erstellt von Benutzer
LBL_MODIFIED_USER,Geändert von Benutzer
LBL_LIST_NAME,Partner Name
LBL_EDIT_BUTTON,Bearbeiten
LBL_REMOVE,Entfernen
LBL_EXPORT_MODIFIED_BY_NAME,Geändert von Name
ACCOUNT_REMOVE_PROJECT_CONFIRM,Möchten Sie diese Partner wirklich aus dem Partner entfernen?
ERR_DELETE_RECORD,Es muss die Datensatznummer angegeben werden, um diesen Datensatz löschen zu können.
LBL_ACCOUNT_NAME,Name:
LBL_ACCOUNT,Name:
LBL_ACTIVITIES_SUBPANEL_TITLE,Aktivitäten
LBL_ADDRESS_INFORMATION,Adressinformation
LBL_ANNUAL_REVENUE,Jahresumsatz
LBL_ANY_ADDRESS,Irgendeine Adresse
LBL_ANY_PHONE,Irgendeine Telefonnummer:
LBL_RATING,Einstufung
LBL_ASSIGNED_TO,Zugewiesen an:
LBL_ASSIGNED_USER,Zugewiesen an:
LBL_BILLING_ADDRESS_CITY,Ort
LBL_BILLING_ADDRESS_COUNTRY,Land
LBL_BILLING_ADDRESS_POSTALCODE,PLZ
LBL_BILLING_ADDRESS_STATE,Bundesland
LBL_BILLING_ADDRESS_STREET_2,Rechnungsadresse Strasse 2
LBL_BILLING_ADDRESS_STREET_3,Rechnungsadresse Strasse 3
LBL_BILLING_ADDRESS_STREET_4,Rechnungsadresse Strasse 4
LBL_BILLING_ADDRESS_STREET,Strasse
LBL_BILLING_ADDRESS,Rechnungsadresse:
LBL_ACCOUNT_INFORMATION,Partnerinformation
LBL_CITY,Ort:
LBL_CONTACTS_SUBPANEL_TITLE,Kontakte
LBL_COUNTRY,Land:
LBL_DEFAULT_SUBPANEL_TITLE,Partner
LBL_DESCRIPTION_INFORMATION,Beschreibungsinformation
LBL_DUPLICATE,Mögliche Dublette entdeckt
LBL_EMPLOYEES,Mitarbeiter:
LBL_FAX,Fax:
LBL_INDUSTRY,Branche:
LBL_LIST_ACCOUNT_NAME,Partner Name
LBL_LIST_CITY,Ort
LBL_LIST_PHONE,Telefon 1
LBL_LIST_STATE,Bundesland
LBL_LIST_WEBSITE,Webseite
LBL_MEMBER_OF,Mitglied von:
LBL_MEMBER_ORG_FORM_TITLE,Mitgliedsorganisationen
LBL_MEMBER_ORG_SUBPANEL_TITLE,Mitgliedsorganisationen
LBL_OTHER_PHONE,Weiteres Telefon:
LBL_OWNERSHIP,Eigentümer:
LBL_PARENT_ACCOUNT_ID,Parent Partner ID
LBL_PHONE_ALT,Telefon 2
LBL_PHONE_FAX,Telefon/Fax:
LBL_PHONE_OFFICE,Telefon 1
LBL_PHONE,Telefon 1
LBL_POSTAL_CODE,PLZ:
LBL_PUSH_BILLING,Rechnungsinfos
LBL_PUSH_SHIPPING,Versandinfos
LBL_SAVE_ACCOUNT,Sparen Partner
LBL_SHIPPING_ADDRESS_CITY,Lieferadresse Stadt:
LBL_SHIPPING_ADDRESS_COUNTRY,Lieferadresse Land:
LBL_SHIPPING_ADDRESS_POSTALCODE,Lieferadresse PLZ:
LBL_SHIPPING_ADDRESS_STATE,Lieferadresse Bundesland:
LBL_SHIPPING_ADDRESS_STREET_2,Lieferadresse Strasse 2:
LBL_SHIPPING_ADDRESS_STREET_3,Lieferadresse Strasse 3:
LBL_SHIPPING_ADDRESS_STREET_4,Lieferadresse Strasse 4:
LBL_SHIPPING_ADDRESS_STREET,Lieferadresse Strasse:
LBL_SHIPPING_ADDRESS,Shipping Address:
LBL_STATE,Bundesland:
LBL_TEAMS_LINK,Teams
LBL_TICKER_SYMBOL,Wertpapier Kennnummer (WKN):
LBL_TYPE,Typ:
LBL_USERS_ASSIGNED_LINK,Zugewiesener Benutzer
LBL_USERS_CREATED_LINK,Erstellt von Benutzer
LBL_USERS_MODIFIED_LINK,Bearbeitet von Benutzer
LBL_VIEW_FORM_TITLE,Listenansicht Kunde
LBL_WEBSITE,Webseite:
LBL_LINKEDIN,Linkedin Partner ID
LBL_FACEBOOK,Facebook Partner
LBL_TWITTER,Twitter Partner
LBL_GOOGLEPLUS,Google Plus ID
LNK_ACCOUNT_LIST,Partner
LNK_NEW_ACCOUNT,Neuer Partner
MSG_DUPLICATE,Die Partner die Sie gerade erstellen bestehenden  bereits. 
    Partner mit ähnlichen Namen sind unten aufgeführt. <br>
    Drücken Sie auf Speichern um fortzusetzen oder auf Abbrechen um zum Modul zurückzukehren ohne die Speichern.
MSG_SHOW_DUPLICATES,Die Partner die Sie gerade erstellen bestehenden  bereits. 
    Partner mit ähnlichen Namen sind unten aufgeführt. <br>
    Drücken Sie auf Speichern um fortzusetzen oder auf Abbrechen um zum Modul zurückzukehren ohne die Speichern.
NTC_COPY_BILLING_ADDRESS,Rechnungsadresse auf Lieferadresse kopieren
NTC_COPY_BILLING_ADDRESS2,Auf Lieferadresse kopieren
NTC_COPY_SHIPPING_ADDRESS,Lieferadresse auf Rechnungsadresse kopieren
NTC_COPY_SHIPPING_ADDRESS2,Auf Rechnungsadresse kopieren
NTC_DELETE_CONFIRMATION,Sind Sie sicher, dass Sie diesen Eintrag löschen wollen?
NTC_REMOVE_ACCOUNT_CONFIRMATION,Sind Sie sicher, dass Sie diesen Eintrag entfernen wollen?
NTC_REMOVE_MEMBER_ORG_CONFIRMATION,Sind Sie sicher dass Sie diesen Eintragentfernen wollen?
LBL_LIST_FORM_TITLE,Partner
LBL_MODULE_NAME,Partner
LBL_MODULE_TITLE,Partner
LBL_MODULE_NAME_SINGULAR,Partner
LBL_HOMEPAGE_TITLE,Meine Partner
LNK_NEW_RECORD,Neuer Partner
LNK_LIST,Partner
LNK_IMPORT_AUD_DEALER,Einführen Partner
LBL_SEARCH_FORM_TITLE,Suchen Partner
LBL_HISTORY_SUBPANEL_TITLE,Aussicht History
LBL_AUD_DEALER_SUBPANEL_TITLE,Partner
LBL_NEW_FORM_TITLE,Neuer Partner
LNK_IMPORT_VCARD,vCard importieren
LBL_IMPORT,Einführen Partner
LBL_IMPORT_VCARDTEXT,Automatically create a Neue Partner record by importing a vCard from your file system.
LBL_AUD_ISO_3_COUNTRY,ISO Land
LBL_AUD_MANUFACTURER,Produktmarke
LBL_AUD_BNR,BNR
LBL_AUD_DEALER_BNR_ID,Partner BNR ID
LBL_AUD_REFERENCE_NUMBER,Referenznummer
LBL_AUD_DEALER_STATUS_DD,Partnerstatus
LBL_AUD_DEALER_ALIVE_STATUS_FLAG,Partnerstatus alive
LBL_AUD_NAME_SHORT,Name (kurz)
LBL_AUD_TYPE_OF_BUSINESS_DD,Betriebsart
LBL_AUD_LEGAL_FORM_FLAG,Rechtsform KZ
LBL_AUD_LEGAL_FORM_TEXT,Rechtform Text
LBL_AUD_NAME_LONG,Name Lang
LBL_AUD_REGION_MULTI,Region
LBL_AUD_CITY_SHORT,Ort
LBL_AUD_DISTRICT_MANAGER,Bezirksleiter Name
LBL_GBW_PROGRAM_MODEL_DATE,GBW Programm Marke Datum
LBL_AUD_ORIG_ID,ORIG ID
LBL_AUD_MBG,MBG
LBL_AUD_LOCATION_NUMBER,Standortnummer
LBL_AUD_COMPANY_FOUNDATION_DATE,Firmengründungs Datum
LBL_AUD_PARENT_DEALER_COUNTRY,Überg Partner ISO Land
LBL_AUD_PARENT_DEALER_NUMBER,Überg Partner Partnernr
LBL_AUD_DISTRICT,Bezirk
LBL_AUD_REGISTERATION_LIMIT,Einmeldelimit
LBL_AUD_PRIMARY_DEALER_STATUS_DD,Prim Händlerstatus
LBL_AUD_SECONDARY_DEALER_STATUS_MU,Sek Händlerstatus
LBL_AUD_BNR_REPLACE_FLAG,BNR Austausch flag
LBL_AUD_BNR_REPLACE_PARTNER_ID,BNR Austausch Partner ID
LBL_AUD_BNR_REPLACE_PARTNER,BNR_Austausch_Partner_ID
LBL_AUD_BNR_REPLACE_USER_ID,BNR Austausch User ID
LBL_AUD_BNR_REPLACE_USER,BNR_Austausch_User_ID
LBL_AUD_COMMUNICATION_LANGUAGE_DD,Kommunikationssprache
LBL_AUD_CORRESPONDENCE_LANGUAGE_DD,KorrSprache
LBL_AUD_GBW_PROGRAM_MODEL_DATE,GBW Programm Marke Datum
LBL_AUD_MARKETING_COMMUNITYID_AUD_MARKETING_COMMUNITY_ID,Marketinggemeinschaft(Marketinggemeinschaft ID)
LBL_AUD_MARKETING_COMMUNITYID,Marketinggemeinschaft
LBL_AUD_GROUP_COMMUNITYID_AUD_DEALER_ID,Unternehmensgruppe (related Partner ID)
LBL_AUD_GROUP_COMMUNITYID,Unternehmensgruppe
LBL_AUD_AREA_SALES_REGION,Verkaufsgebiet
LBL_AUD_AREA_SELES_NUMBER,Verkaufsgebiet (Nummer)
LBL_AUD_AREA_SERVICE_REGION,Servicegebiet
LBL_AUD_AREA_SERVICE_NUMBER,Servicegebiet (Nummer)
LBL_AUD_DEALER_ADMIN_USER_ID_AUD_DEALER_ID,Partneradministrator
LBL_AUD_DEALER_ADMIN_USER_ID,Partneradministrator
LBL_RECORDVIEW_PANEL1,Gebietsdaten
LBL_RECORD_BODY,Überblick
LBL_SHOW_MORE,Adresse
LBL_AUD_TEAM_ASSIGNED_FLAG,Team zugewiesen?
LBL_AUD_GROUP_ID,Gruppen-ID
LBL_AUD_MARK,Marke
LBL_REBOOK_CAR_DEALERS,Rebook Car Dealers
LBL_FILTER_REBOOK_REQUEST,Filter Rebook Car Dealers
LBL_SEND_INVITE_BUTTON,Einladung senden
LBL_SELECT_RECORD_MESSAGE,Bitte wahlen Sie mindestens einen Datensatz
LBL_TERMINATE_BUTTON,Partner terminieren
LBL_INVALID_DEALER_SELECTION_MSG,Sie können nur einen Partner gleichzeitig terminieren. Bitte passen Sie ihre Auswahl an und versuchen es erneut. 
LBL_INVALID_DEALER_MSG,Partner kann nicht gelöscht warden. KVPS führt diesen derzeit noch als aktiv.
LBL_DEALER_TERMINATED_MSG,Der ausgewählte Partner wurde erfolgreich termniert.
LBL_DEALER_TERMINATE_ERROR_MSG,Beim Terminieren des Partners ist ein Fehler aufgetreten.
LBL_DEALER_TERMINATE_CONFIRM_MSG,Sind Sie sicher, dass Sie den Partner terminieren wollen 
LBL_AUD_DEALER_TERMINATED_FLAG,Terminiert?
LBL_DEALER_ALREADY_TERMINATED_MSG,Partner ist bereits terminiert.
LBL_NOT_ASSIGNED_DEALER,Nicht zugeordnet Händler
LBL_BNR_NUMBER_SWAP,BNR Nummer austauschen
LBL_CURRENT_BNR,Aktuelle BNR
LBL_BNR_TO_SWAP,Auszutauschende BNR
LBL_BNR_OK_BUTTON,OK
LBL_BNR_SUCCESS_MSG,BNR Austausch war erfolgreich
LBL_BNR_PROCESSING,Verarbeitung...
LBL_AUD_DEALER_CONTACTS_FROM_AUD_DEALER_TITLE,Kunden
LBL_AUD_DEALER_CONTACTS_FROM_CONTACTS_TITLE,Kunden
LBL_SUCCESS_MESSAGE,Kontakte erfolgreich zu einem anderen Händler übertragen
LBL_SWAP_BNR_NOT_AN_ADMIN,Aktueller Benutzer ist kein Administrator
LBL_BNR_EMPTY_ERROR_MSG,BNR ist leer
LBL_EMPTY_BNR_MSG,Ziel BNR ist leer
LBL_AUD_DEALER_AUD_DEALER_PARTICIPATION_FROM_AUD_DEALER_TITLE,Teilnehmende Partner
LBL_AUD_DEALER_AUD_DEALER_PARTICIPATION_FROM_AUD_DEALER_PARTICIPATION_TITLE,Teilnahme erklärt an
LBL_AUD_DEALER_AUD_PERF_MEASUREMENT_FROM_AUD_DEALER_TITLE,Erfolgsmessungen
LBL_INVALID_BNR_LENGTH,Ungültige BNR Länge. Es sollte sein {0}
LBL_DUPLICATE_BNR,Duplikat BNR {0}
LBL_RECORDVIEW_PANEL2,Mehr zeigen
LBL_AUD_DEALER_ID,Partner Id
LBL_USERS_ID,Benutzer Id
LBL_AUD_PARTNERID_ORIG,Partner Id Orig
LBL_AUD_ACTIVE_FLAG,Aktives Flag
LBL_AUD_DEALER_AUD_DEALER_TO_CARS,Partner Fahrzeuge Beziehung
LBL_AUD_DEALER_AUD_DEALER_TO_CARS_TITLE,Partner Fahrzeuge Beziehung
LBL_NOTES_AUD_DEALER_AUD_DEALER_NAME,Partner
LBL_CALLS_AUD_DEALER_AUD_DEALER_NAME,Partner
LBL_MEETINGS_AUD_DEALER_AUD_DEALER_NAME,Partner
LBL_TASKS_AUD_DEALER_AUD_DEALER_NAME,Partner
LBL_USERS_AUD_DEALER_AUD_PARTNER_ID_NAME,Partner ID
LBL_AUD_DEALER_USERS_AUD_DEALER_ADMIN_USER_NAME,Partneradministrator
LBL_AUD_CARS_AUD_DEALER_AUD_DEALER_NAME,Partner
LBL_AUD_CONTACT_TO_CARS_AUD_DEALER_AUD_DEALER_NAME,Partner
LBL_AUD_DEALER_TO_CARS_AUD_DEALER_AUD_REBOOK_REQUEST_FROM_DEALER_NAME,Umbuchungsanfrage von Partner
LBL_AUD_DEALER_TO_CARS_AUD_DEALER_AUD_REBOOK_REQUEST_TO_DEALER_NAME,Umbuchungsanfrage an Partner
LBL_AUD_CONTACT_CHANGE_LOG_AUD_DEALER_AUD_DEALER_NAME,Partner
LBL_AUD_DEALER_TO_CAR_BOOKING_RE_AUD_DEALER_AUD_REBOOK_REQUEST_FROM_DEALER_NAME,Umbuchungsanfrage von Partner
LBL_AUD_DEALER_TO_CAR_BOOKING_RE_AUD_DEALER_AUD_REBOOK_REQUEST_TO_DEALER_NAME,Umbuchungsanfrage an Partner
LBL_AUD_DEALER_TO_CAR_BOOKING_RE_AUD_DEALER_AUD_DEALER_NAME,Partner
LBL_AUD_CAR_INTEREST_AUD_DEALER_AUD_DEALER_NAME,Partner
LBL_AUD_DE_ADDRESS_HISTORY_AUD_DEALER_AUD_DEALER_NAME,Partner
LBL_AUD_REGISTERED_CONTACT_AUD_DEALER_AUD_DEALER_NAME,Partner
LBL_AUD_DEALER_PARTICIPATION_ELE_AUD_DEALER_AUD_DEALER_NAME,Partner
LBL_AUD_DEALER_SAMPLE_RECIPIENT_AUD_DEALER_AUD_DEALER_NAME,Partner
LBL_AUD_FILTER_TEMPLATES_AUD_DEALER_AUD_DEALER_NAME,Partner
LBL_AUD_WBK_STAGING_AUD_DEALER_AUD_DEALER_NAME,Partner
LBL_AUD_JOB_QUEUE_AUD_DEALER_AUD_DEALER_NAME,Partner
LBL_AUD_STATISTICS_EMAILOPENER_AUD_DEALER_AUD_DEALER_NAME,Partner
LBL_AUD_STATISTICS_LINKTRACKING_AUD_DEALER_AUD_DEALER_NAME,Partner
LBL_AUD_AREA_STANDARDS_INDICATOR,Audi-Gebiete/Standards
LBL_PREMIUM_CONTRACT_FROM_DATE,Premiumvertrag seit
LBL_PREMIUM_CONTRACT_TO_DATE,Premiumvertrag bis
LBL_AUD_FAX_NUMBER,Telefax Nr.
LBL_AUD_SUPERVISORY_DISTRICT_OR_AREA,Betreuungsbezirk
LBL_AUD_GWPLUS_DATE_IS_START,GWPlus Datum ist Beginn
LBL_AUD_ETRON_SINCE_DATE,E-Tron Seit
LBL_AUD_DEALER_USERS_FROM_AUD_DEALER_TITLE,Angestellte
LBL_AUD_DEALER_USERS_FROM_USERS_TITLE,Angestellte
LBL_AUD_DEALER_AUD_MARKETING_COMMUNITY_FROM_AUD_MARKETING_COMMUNITY_TITLE,Marketinggemeinschaft
LBL_AUD_DEALER_AUD_MARKETING_COMMUNITY_FROM_AUD_DEALER_TITLE_ID,Marketinggemeinschaft ID
LBL_AUD_DEALER_AUD_MARKETING_COMMUNITY_FROM_AUD_DEALER_TITLE,Marketinggemeinschaft
LBL_AUD_DEALER_AUD_GROUP_OF_COMMUNITY_FROM_AUD_GROUP_OF_COMMUNITY_TITLE,Unternehmensgruppe
LBL_AUD_DEALER_AUD_GROUP_OF_COMMUNITY_FROM_AUD_DEALER_TITLE_ID,Unternehmensgruppe ID
LBL_AUD_DEALER_AUD_GROUP_OF_COMMUNITY_FROM_AUD_DEALER_TITLE,Unternehmensgruppe
LBL_AUD_DEALER_TASKS_TITLE,Aufgaben und Aktivitäten
LBL_TASKS,Aufgaben und Aktivitäten
LBL_ASSIGNED_USER_NAME,Zugewiesen an:
