LBL_AUDIT_TITLE,Änderungslog zeigen
LBL_FIELD_NAME,Feld
LBL_OLD_NAME,Alter Wert
LBL_NEW_VALUE,Neuer Wert
LBL_CREATED_BY,Geändert von
LBL_LIST_DATE,Änderungsdatum
LBL_AUDITED_FIELDS,Auditierte Felder in diesem Modul:
LBL_NO_AUDITED_FIELDS_TEXT,In diesem Modul sind keine auditierten Felder.
LBL_CHANGE_LOG,Änderungs-Log:
LBL_CURRENCY_CONVERSION_TEXT,When audited currency fields are saved in a non-system-default currency, the change log will display the old and new values in the converted, system-defined default currency.
