LBL_ANY_EMAIL,Irgendeine E-Mail:
LBL_EMAIL,Email Address:
LBL_PRIMARY_EMAIL,Primary Email
LBL_LIST_EMAIL_ADDRESS,E-Mail
LBL_OTHER_EMAIL_ADDRESS,Weitere E-Mail:
LBL_EMAIL_ADDRESS,E-Mail:
LBL_EMAIL_ADDRESSES,Email Address(es)
LBL_INVALID_EMAIL,Ungültige E-Mail:
LBL_EMAIL_OPT_OUT,Keine E-Mails senden:
LBL_EMAIL_NON_PRIMARY,Non-primary emails
LBL_TEAM,Teams
LBL_TEAMS,Teams
LBL_TEAM_ID,Team Id
LBL_ASSIGNED_TO_ID,Zugewiesen an:
LBL_ASSIGNED_TO_NAME,Zugewiesen an
LBL_TAGS_LINK,Tags
LBL_TAGS,Tags
LBL_ID,ID
LBL_DATE_ENTERED,Date Created
LBL_DATE_MODIFIED,Date Modified
LBL_MODIFIED,Modified By
LBL_MODIFIED_ID,Modified By Id
LBL_MODIFIED_NAME,Modified By Name
LBL_CREATED,Created By
LBL_CREATED_ID,Created By Id
LBL_DOC_OWNER,Document Owner
LBL_USER_FAVORITES,Users Who Favorite
LBL_DESCRIPTION,Beschreibung:
LBL_DELETED,Deleted
LBL_NAME,Name:
LBL_CREATED_USER,Erstellter Benutzer
LBL_MODIFIED_USER,Veränderter Benutzer
LBL_LIST_NAME,Name
LBL_EDIT_BUTTON,Edit
LBL_REMOVE,Remove
LBL_EXPORT_MODIFIED_BY_NAME,Modified By Name
LBL_SALUTATION,Anrede
LBL_FIRST_NAME,Vorname:
LBL_LAST_NAME,Nachname:
LBL_TITLE,Funktion:
LBL_DEPARTMENT,Abteilung:
LBL_DO_NOT_CALL,Nicht anrufen:
LBL_HOME_PHONE,Privat:
LBL_MOBILE_PHONE,Mobiltelefon:
LBL_OFFICE_PHONE,Bürotelefon:
LBL_OTHER_PHONE,Weiteres Telefon:
LBL_FAX_PHONE,Fax:
LBL_PRIMARY_ADDRESS,Hauptadresse:
LBL_PRIMARY_ADDRESS_STREET,Hauptadresse Strasse:
LBL_PRIMARY_ADDRESS_STREET_2,Primary Address Street 2:
LBL_PRIMARY_ADDRESS_STREET_3,Primary Address Street 3:
LBL_PRIMARY_ADDRESS_CITY,Hauptadresse Stadt:
LBL_PRIMARY_ADDRESS_STATE,Hauptadresse Bundesland:
LBL_PRIMARY_ADDRESS_POSTALCODE,Hauptadresse PLZ:
LBL_PRIMARY_ADDRESS_COUNTRY,Hauptadresse Land:
LBL_ALT_ADDRESS,Alternate Address
LBL_ALT_ADDRESS_STREET,2. Adresse Strasse:
LBL_ALT_ADDRESS_STREET_2,Alternate Address Street 2:
LBL_ALT_ADDRESS_STREET_3,Alternate Address Street 3:
LBL_ALT_ADDRESS_CITY,2. Adresse Stadt:
LBL_ALT_ADDRESS_STATE,2. Adresse Bundesland:
LBL_ALT_ADDRESS_POSTALCODE,2. Adresse PLZ:
LBL_ALT_ADDRESS_COUNTRY,2. Adresse Land:
LBL_STREET,Strasse
LBL_PRIMARY_STREET,Address
LBL_ALT_STREET,Other Address
LBL_CITY,Stadt:
LBL_STATE,Bundesland:
LBL_POSTALCODE,Postal Code
LBL_POSTAL_CODE,PLZ:
LBL_COUNTRY,Land:
LBL_ADDRESS_INFORMATION,Adressinformation
LBL_CONTACT_INFORMATION,Contact Information
LBL_ASSISTANT,Assistent:
LBL_ASSISTANT_PHONE,Telefonnr. Assistent:
LBL_WORK_PHONE,Work Phone
LNK_IMPORT_VCARD,vCard importieren
LBL_IMPORT_VCARDTEXT,Durch Import einer vCard neuen Kontakt automatisch anlegen.
LBL_PICTURE_FILE,Avatar
LBL_LINKEDIN,Linkedin Member Account
LBL_FACEBOOK,Facebook Account
LBL_TWITTER,Twitter Account
LBL_GOOGLEPLUS,Google Plus ID
NTC_COPY_ALTERNATE_ADDRESS,Weitere Adresse in Hauptadresse kopieren
NTC_COPY_PRIMARY_ADDRESS,Hauptadresse in weitere Adresse kopieren
LBL_MODULE_NAME,Zielkontakte
LBL_MODULE_NAME_SINGULAR,Ziel
LBL_MODULE_ID,Zielkontakte
LBL_INVITEE,Direkt-Unterstellte
LBL_MODULE_TITLE,Zielkontakte: Home
LBL_SEARCH_FORM_TITLE,Zielkontakte Suche
LBL_LIST_FORM_TITLE,Kontaktliste
LBL_NEW_FORM_TITLE,Neuer Zielkontakt
LBL_PROSPECT,Ziel:
LBL_BUSINESSCARD,Visitenkarte
LBL_LIST_LAST_NAME,Nachname
LBL_LIST_PROSPECT_NAME,Zielkontakt Name
LBL_LIST_TITLE,Funktion
LBL_LIST_OTHER_EMAIL_ADDRESS,Weitere E-Mail
LBL_LIST_PHONE,Telefon
LBL_LIST_PROSPECT_ROLE,Rolle
LBL_LIST_FIRST_NAME,Vorname
db_last_name,LBL_LIST_LAST_NAME
db_first_name,LBL_LIST_FIRST_NAME
db_title,LBL_LIST_TITLE
db_email1,LBL_LIST_EMAIL_ADDRESS
db_email2,LBL_LIST_OTHER_EMAIL_ADDRESS
LBL_EXISTING_PROSPECT,Vorhandener Kontakt ausgewählt
LBL_CREATED_PROSPECT,Neuer Kontakt angelegt
LBL_EXISTING_ACCOUNT,Vorhandene Firma ausgewählt
LBL_CREATED_ACCOUNT,Neue Firma angelegt
LBL_CREATED_CALL,Neuer Anruf angelegt
LBL_CREATED_MEETING,Neues Meeting angelegt
LBL_ADDMORE_BUSINESSCARD,Weitere Visitenkarte anlegen
LBL_ADD_BUSINESSCARD,Eingabe Visitenkarte
LBL_FULL_NAME,Name
LBL_PROSPECT_NAME,Zielkontakt Name:
LBL_PROSPECT_INFORMATION,Zielkontakt Information
LBL_MORE_INFORMATION,Mehr Informationen
LBL_ANY_PHONE,Irgendeine Telefonnummer:
LBL_PHONE,Telefon:
LBL_BIRTHDATE,Geburtstag:
LBL_ALTERNATE_ADDRESS,Weitere Adresse:
LBL_ANY_ADDRESS,Irgendeine Adresse:
LBL_DESCRIPTION_INFORMATION,Beschreibungsinformation
LBL_PROSPECT_ROLE,Beruf:
LBL_OPP_NAME,Verkaufschance Name:
LBL_IMPORT_VCARD,vCard importieren
LBL_IMPORT_VCARD_SUCCESS,Ziel von vCard erfolgreich erstellt
LBL_DUPLICATE,Möglicher doppelter Zielkontakt
MSG_SHOW_DUPLICATES,Der Zielkontakt den Sie gerade erstellen, könnte eine Dublette eines bereits bestehenden Zielkontakts sein. Zielkontakte mit ähnlichen Namen / E-Mail Adressen sind unten aufgeführt.<br>Drücken Sie auf Speichern um fortzusetzen oder auf Abbrechen um zum Modul zurückzukehren ohne den Zielkontakt zu speichern.
MSG_DUPLICATE,Der Zielkontakt den Sie gerade erstellen, könnte eine Dublette eines bereits bestehenden Zielkontakts sein. Zielkontakte mit ähnlichen Namen / E-Mail Adressen sind unten aufgeführt.<br>Drücken Sie auf Speichern um fortzusetzen oder auf Abbrechen um zum Modul zurückzukehren ohne den Zielkontakt zu speichern.
LNK_NEW_ACCOUNT,Neue Firma
LNK_NEW_OPPORTUNITY,Neue Verkaufschance
LNK_NEW_CASE,Neues Ticket
LNK_NEW_NOTE,Neue Notiz oder Anlage
LNK_NEW_CALL,Neuer Anruf
LNK_NEW_EMAIL,E-Mail archivieren
LNK_NEW_MEETING,Neues Meeting
LNK_NEW_TASK,Neue Aufgabe
LNK_NEW_APPOINTMENT,Neuer Termin
LNK_IMPORT_PROSPECTS,Interessenten Importieren
NTC_DELETE_CONFIRMATION,Sind Sie sicher, dass Sie diesen Eintrag löschen wollen?
NTC_REMOVE_CONFIRMATION,Möchten Sie diesen Kontakt wirklich von diesem Ticket entfernen?
NTC_REMOVE_DIRECT_REPORT_CONFIRMATION,Möchten Sie diesen Eintrag wirklich als direkten Bericht entfernen?
ERR_DELETE_RECORD,Um einen Kontakt zu löschen, muss die Nummer des Datensatzes angegeben werden.
LBL_SAVE_PROSPECT,Zielkontakt speichern
LBL_CREATED_OPPORTUNITY,Neue Verkaufschance erstellt
NTC_OPPORTUNITY_REQUIRES_ACCOUNT,Zum erstellen einer Verkaufschance benötigen Sie eine Firma. Bitte erstellen Sie eine Firma oder wählen Sie eine existierende aus.
LNK_SELECT_ACCOUNT,Firma auswählen
LNK_NEW_PROSPECT,Neuer Zielkontakt
LNK_PROSPECT_LIST,Zielkontakte
LNK_NEW_CAMPAIGN,Neue Kampagne
LNK_CAMPAIGN_LIST,Kampagnen
LNK_NEW_PROSPECT_LIST,Kontaktliste erstellen
LNK_PROSPECT_LIST_LIST,Kontaktlisten
LNK_IMPORT_PROSPECT,Zielpersonen importieren
LBL_SELECT_CHECKED_BUTTON_LABEL,Markierte Zielkontakte auswählen
LBL_SELECT_CHECKED_BUTTON_TITLE,Markierte Zielkontakte auswählen
LBL_DEFAULT_SUBPANEL_TITLE,Zielkontakte
LBL_PROSPECT_LIST,Kontaktliste
LBL_CONVERT_BUTTON_KEY,V
LBL_CONVERT_BUTTON_TITLE,Zielkontakt konvertieren
LBL_CONVERT_BUTTON_LABEL,Zielkontakt konvertieren
LBL_CONVERTPROSPECT,Zielkontakt konvertieren
LNK_NEW_CONTACT,Neuer Kontakt
LBL_CREATED_CONTACT,Neuer Kontakt angelegt
LBL_BACKTO_PROSPECTS,Zurück zu Zielkontakten
LBL_CAMPAIGNS,Kampagnen
LBL_CAMPAIGN_LIST_SUBPANEL_TITLE,Kampagnen Log
LBL_TRACKER_KEY,Tracker-Schlüssel
LBL_LEAD_ID,Interessent-ID
LBL_LEAD,Interessent
LBL_CONVERTED_LEAD,Konvertierter Interessent
LBL_ACCOUNT_NAME,Firmenname
LBL_EDIT_ACCOUNT_NAME,Firmenname:
LBL_CAMPAIGNS_SUBPANEL_TITLE,Kampagnen
LBL_HISTORY_SUBPANEL_TITLE,Verlauf
LBL_PHONE_HOME,Telefon privat
LBL_PHONE_MOBILE,Handy
LBL_PHONE_WORK,Telefon Büro
LBL_PHONE_OTHER,Anderes Telefon
LBL_PHONE_FAX,Telefon/Fax:
LBL_CAMPAIGN_ID,Kampagnen ID
LBL_EXPORT_ASSIGNED_USER_NAME,Zugewiesen an
LBL_EXPORT_ASSIGNED_USER_ID,Zugewiesen an
LBL_EXPORT_MODIFIED_USER_ID,Bearbeiter:
LBL_EXPORT_CREATED_BY,Ersteller
LBL_EXPORT_EMAIL2,Andere E-Mail Adresse
LBL_RECORD_SAVED_SUCCESS,{{moduleSingularLower}} <a href="#{{buildRoute model=this}}">{{first_name}} {{last_name}}</a> wurde gespeichert.
LBL_DNB_PRINCIPAL_ID,D&B Principal Id
LBL_DNB_BAL_PREVIEW,Vorschau Zielkontakte
LBL_DNB_BAL_RSLT_CNT,Zielkontakte
LBL_DNB_BAL_RSLT_HEADER,D&B: Zielkontakt Information
TPL_BROWSER_SUGAR7_RECORDS_TITLE,{{module}} » {{appId}}
TPL_BROWSER_SUGAR7_RECORD_TITLE,{{#if last_name}}{{#if first_name}}{{first_name}} {{/if}}{{last_name}} » {{/if}}{{module}} » {{appId}}
LBL_HELP_RECORDS,Das {{plural_module_name}} Modul zeigt Personen oder Firmen zu denen einige Informationen existieren, welche aber noch kein voll qualifizierter {{leads_singular_module}} ist. Informationen wie Name und E-mailaddresse für {{plural_module_name}} sind üblicherweise auf der Businesscards vorhanden, oder können über Messen, Konferenzen, etc. in Erfahrung gebracht werden. {{plural_module_name}} sind "alleinstehende" Datensätze, d.h. es ist nicht verknüpft mit dem {{contacts_module}}, {{leads_module}}, {{accounts_module}}, or {{opportunities_module}}. Es gibt verschiedene Möglichkeiten wie Sie {{plural_module_name}} in Sugar erstellen können, über das {{plural_module_name}} Modul, oder über den Import von {{plural_module_name}}, etc.. Sobald der {{module_name}} erstellt ist, können Informationen in der Datenansicht eingesehen und editiert werden.
LBL_HELP_RECORD,Das {{module_name}} Modul beeinhaltet Personen oder Firmen zu denen einige Informationen existieren, welche aber noch kein vollqualifizierterer {{leads_singular_module}} ist.
Bearbeiten Sie den Datensatz indem sie auf ein Feld klicken oder auf die Bearbeiten Schaltfläche.
- Sehen Sie sich in der Vorschau Verknüpfungen zu anderen Datensätzen an. Klicken Sie im Subpanel entsprechend auf das Vorschausymbol klicken.
- Erstellen oder sehen Sie sich Benutzerkommentare und die Änderungshistorie verschiedener Datensätze im  {{activitystream_singular_module}} an indem Sie die Sicht auf "Activity Stream" im unteren linken Bereich stellen. 
- Folgen Sie favorisierten Einträgen indem Sie das Sternsymbol neben dem Namen oben anklicken. 
- Weitere Aktionen finden Sie im Ausklappmenü auf der rechten Seite der Bearbeiten Schaltfläche.
LBL_HELP_CREATE,Das {{module_name}} Modul beeinhaltet alle Personen oder Firmen, die Interesse haben für die Produkte ihres Unternehmens. 1. Erfassen Sie alle relevanten Informationen. - Felder die als Pflichtfeld markiert sind müssen ausgefüllt werden um den Datensatz speichern zu können. - Klicken Sie auf "mehr zeigen" um weitere Felder zu erfassen. 2. Drücken Sie auf "Speichern" um den Datensatz verfügbar zu machen und um auf die letzte Seite zurück zu kommen. - Wählen Sie "Speichern und Öffnen" um den neuen {{module_name}} in der Datensatzansicht zu öffnen. - Wählen Sie "Speichern und neuen Datensatz erstellen" um sofort einen weiteren {{module_name}} Datensatz anzulegen.
LBL_FILTER_PROSPECTS_REPORTS,Interessenten Berichte
